Name,Mu_BI,Uhat_BI,BI,BI_ilink,Mu_Sind,Uhat_SInd,Sind,Sind_ilink,DSI_general_ilink,DSI_Uhat_general,DSI_BLUP_general,Q1,Q2,Q3,Q4
S1,-0.765807895,-0.103198006,-0.8690059,0.295461196,-0.951947639,-0.431031379,-1.382979019,0.200530982,0.247996089,-0.267114693,-1.12599246,7.07E-29,1,1.44E-32,1.31E-34
S10,-0.765807895,-0.18657446,-0.952382354,0.278405964,-0.951947639,0.019056129,-0.93289151,0.282338458,0.280372211,-0.083759165,-0.942636932,6.54E-16,9.95E-40,3.03E-18,1
S100,-0.765807895,-0.014014197,-0.779822092,0.314358231,-0.951947639,-0.175246564,-1.127194204,0.244679272,0.279518751,-0.094630381,-0.953508148,2.26E-10,7.88E-33,1.08E-15,1
S101,-0.765807895,-0.072779713,-0.838587608,0.301832333,-0.951947639,-0.260174201,-1.212121841,0.229325831,0.265579082,-0.166476957,-1.025354725,9.87E-15,8.37E-36,1.17E-20,1
S102,-0.765807895,0.101608043,-0.664199851,0.339796805,-0.951947639,-0.076298358,-1.028245997,0.263424295,0.30161055,0.012654843,-0.846222924,0.999978563,2.59E-23,0.0000208,0.000000631
S103,-0.765807895,-0.365962201,-1.131770096,0.243834584,-0.951947639,-0.915387977,-1.867335616,0.133850315,0.188842449,-0.640675089,-1.499552856,9.10E-41,1,1.75E-44,1.89E-60
S104,-0.765807895,-0.488002504,-1.253810399,0.222041238,-0.951947639,-0.720436759,-1.672384399,0.158106535,0.190073886,-0.604219632,-1.463097399,4.28E-14,1,6.67E-17,8.17E-30
S105,-0.765807895,-0.091242036,-0.85704993,0.297956068,-0.951947639,-0.160980929,-1.112928568,0.247325316,0.272640692,-0.126111482,-0.984989249,5.49E-34,1,1.08E-38,2.21E-33
S106,-0.765807895,-0.024502823,-0.790310718,0.312101956,-0.951947639,0.173406895,-0.778540744,0.314634474,0.313368215,0.074452036,-0.784425731,7.03E-13,1,7.25E-17,5.41E-26
S107,-0.765807895,-0.142729871,-0.908537765,0.287299149,-0.951947639,-0.920987198,-1.872934837,0.133202503,0.210250826,-0.531858534,-1.390736301,0.999636882,1.64E-11,0.000363118,5.83E-11
S108,-0.765807895,0.02664013,-0.739167765,0.323186158,-0.951947639,0.003032077,-0.948915563,0.279102963,0.30114456,0.014836103,-0.844041664,0.996780584,0.002382264,0.000837152,2.52E-10
S109,-0.765807895,-0.329611801,-1.095419696,0.250599089,-0.951947639,-0.299197942,-1.251145582,0.222501896,0.236550493,-0.314404872,-1.173282639,2.22E-14,1.05E-31,3.59E-18,1
S11,-0.765807895,0.310234889,-0.455573006,0.388036554,-0.951947639,0.282152824,-0.669794815,0.338542787,0.36328967,0.296193857,-0.562683911,1.50E-16,8.94E-41,1.56E-22,1
S110,-0.765807895,-0.311970691,-1.077778586,0.253926629,-0.951947639,-0.574465283,-1.526412923,0.178519124,0.216222877,-0.443217987,-1.302095755,0.999345318,2.34E-08,0.000654659,6.87E-13
S111,-0.765807895,-0.608375552,-1.374183447,0.201944788,-0.951947639,-0.729610687,-1.681558326,0.156889231,0.17941701,-0.66899312,-1.527870887,1.16E-12,1,5.77E-15,6.79E-28
S112,-0.765807895,-0.068896112,-0.834704006,0.302651352,-0.951947639,-0.336512396,-1.288460035,0.21611358,0.259382466,-0.202704254,-1.061582021,4.48E-16,2.70E-36,1.24E-19,1
S113,-0.765807895,-0.068346977,-0.834154872,0.302767262,-0.951947639,-0.172073073,-1.124020712,0.245266245,0.274016753,-0.120210025,-0.979087792,3.66E-17,4.05E-38,4.05E-21,1
S114,-0.765807895,-0.193530094,-0.959337989,0.27701076,-0.951947639,-0.408933009,-1.360880648,0.204097211,0.240553986,-0.301231552,-1.160109319,0.999914946,4.83E-25,0.000084,0.00000103
S115,-0.765807895,-0.005295925,-0.77110382,0.316240376,-0.951947639,-0.155435891,-1.10738353,0.248359001,0.282299689,-0.080365908,-0.939243675,1.50E-11,2.15E-33,1.43E-16,1
S116,-0.765807895,0.333666324,-0.432141571,0.39361506,-0.951947639,0.220300127,-0.731647512,0.324833296,0.359224178,0.276983226,-0.581894542,2.74E-13,3.81E-32,6.34E-18,1
S117,-0.765807895,-0.114997814,-0.880805709,0.293010844,-0.951947639,-0.119278674,-1.071226313,0.255169943,0.274090394,-0.117138244,-0.976016011,9.34E-31,1,1.35E-34,2.73E-32
S118,-0.765807895,-0.435170182,-1.200978076,0.231301268,-0.951947639,-0.544336,-1.49628364,0.18298046,0.207140864,-0.489753091,-1.348630858,0.999955322,2.84E-25,0.0000447,3.33E-09
S119,-0.765807895,0.189430517,-0.576377378,0.359766584,-0.951947639,0.064730274,-0.887217365,0.291684399,0.325725492,0.127080396,-0.731797372,6.77E-15,7.31E-35,6.72E-19,1
S12,-0.765807895,-0.237919319,-1.003727213,0.268209238,-0.951947639,-0.311700538,-1.263648177,0.220346518,0.244277878,-0.274809928,-1.133687695,4.19E-17,1.14E-43,1.02E-21,1
S120,-0.765807895,-0.043547592,-0.809355487,0.308027855,-0.951947639,-0.218529804,-1.170477444,0.236768695,0.272398275,-0.131038698,-0.989916466,3.15E-14,2.06E-38,1.89E-17,1
S121,-0.765807895,-0.284708333,-1.050516227,0.259125983,-0.951947639,-0.440399347,-1.392346986,0.199033338,0.229079661,-0.36255384,-1.221431607,0.999687682,5.58E-28,0.000312318,6.14E-18
S122,-0.765807895,0.289108905,-0.47669899,0.383031913,-0.951947639,0.297370738,-0.654576901,0.341958886,0.362495399,0.293239822,-0.565637946,7.83E-14,5.21E-31,1.34E-19,1
S123,-0.765807895,-0.20319661,-0.969004505,0.27507897,-0.951947639,-0.528349698,-1.480297337,0.185382512,0.230230741,-0.365773154,-1.224650921,5.34E-15,6.99E-39,4.93E-18,1
S124,-0.765807895,-0.215174772,-0.980982667,0.272696845,-0.951947639,-0.703724862,-1.655672502,0.160343768,0.216520306,-0.459449817,-1.318327585,8.87E-16,7.40E-37,9.88E-20,1
S125,-0.765807895,-0.107982448,-0.873790342,0.294466223,-0.951947639,0.111994299,-0.83995334,0.301544611,0.298005417,0.002005926,-0.856871841,8.31E-14,1.52E-35,1.33E-18,1
S126,-0.765807895,0.285991224,-0.47981667,0.382295417,-0.951947639,0.387489346,-0.564458293,0.362516526,0.372405971,0.336740285,-0.522137482,5.34E-15,6.22E-36,2.93E-21,1
S127,-0.765807895,0.160403925,-0.60540397,0.353108326,-0.951947639,0.461679948,-0.490267692,0.379830508,0.366469417,0.311041936,-0.547835831,3.17E-17,3.78E-41,5.02E-22,1
S128,-0.765807895,-0.068185359,-0.833993254,0.30280138,-0.951947639,-0.098402668,-1.050350307,0.259157838,0.280979609,-0.083294013,-0.942171781,0.999513474,1.39E-19,0.000486402,0.000000124
S129,-0.765807895,0.177833325,-0.587974569,0.357099717,-0.951947639,0.217121369,-0.73482627,0.32413653,0.340618124,0.197477347,-0.66140042,2.32E-15,7.94E-33,5.51E-21,1
S13,-0.765807895,0.080591193,-0.685216702,0.335097985,-0.951947639,0.222510029,-0.72943761,0.325318152,0.330208069,0.151550611,-0.707327156,0.275591736,2.17E-22,0.724401529,0.00000674
S130,-0.765807895,0.115759145,-0.650048749,0.342978552,-0.951947639,0.165178143,-0.786769496,0.312862742,0.327920647,0.140468644,-0.718409123,3.66E-12,4.02E-35,4.47E-18,1
S131,-0.765807895,-0.085931831,-0.851739726,0.299068038,-0.951947639,-0.09836598,-1.05031362,0.259164882,0.27911646,-0.092148906,-0.951026673,0.999820525,1.76E-20,0.000179312,0.000000163
S132,-0.765807895,-0.516573661,-1.282381556,0.217145103,-0.951947639,-0.781623683,-1.733571322,0.150131338,0.183638221,-0.649098672,-1.507976439,0.998996268,2.36E-13,0.001003732,9.58E-14
S133,-0.765807895,-0.129206722,-0.895014617,0.290076072,-0.951947639,-0.088914592,-1.040862231,0.26098366,0.275529866,-0.109060657,-0.967938424,3.64E-15,7.26E-39,4.92E-19,1
S134,-0.765807895,-0.249017135,-1.014825029,0.266036647,-0.951947639,-0.455575955,-1.407523594,0.196624944,0.231330796,-0.352296545,-1.211174312,7.64E-16,6.80E-39,1.69E-20,1
S135,-0.765807895,0.33002503,-0.435782865,0.392746286,-0.951947639,0.305923397,-0.646024243,0.343886024,0.368316155,0.317974213,-0.540903554,6.47E-14,3.35E-36,6.63E-20,1
S136,-0.765807895,0.216709504,-0.549098391,0.366073614,-0.951947639,0.37976249,-0.572185149,0.360732766,0.36340319,0.298235997,-0.56064177,0.999128253,1.75E-23,0.000862796,0.00000895
S137,-0.765807895,0.122744254,-0.643063641,0.344554328,-0.951947639,0.078785212,-0.873162428,0.294596693,0.31957551,0.100764733,-0.758113035,8.80E-16,5.17E-35,5.65E-13,1
S138,-0.765807895,-0.247004713,-1.012812608,0.26642978,-0.951947639,-0.119093058,-1.071040698,0.255205223,0.260817501,-0.183048886,-1.041926653,2.85E-25,1,2.48E-28,6.69E-28
S139,-0.765807895,-0.871759373,-1.637567268,0.162796357,-0.951947639,-0.877199387,-1.829147026,0.138339918,0.150568137,-0.87447938,-1.733357147,3.29E-35,1,9.85E-37,1.03E-43
S14,-0.765807895,0.053307838,-0.712500057,0.329046654,-0.951947639,-0.260174201,-1.212121841,0.229325831,0.279186243,-0.103433182,-0.962310949,1.97E-15,3.10E-38,8.57E-21,1
S140,-0.765807895,-0.300635936,-1.066443831,0.256079957,-0.951947639,-0.738050838,-1.689998477,0.15577604,0.205927999,-0.519343387,-1.378221154,2.31E-42,1,3.82E-44,1.14E-50
S141,-0.765807895,-0.082911399,-0.848719294,0.299701584,-0.951947639,-0.013772785,-0.965720425,0.275734334,0.287717959,-0.048342092,-0.90721986,4.50E-15,1.80E-42,3.40E-20,1
S142,-0.765807895,0.115401723,-0.650406172,0.342898013,-0.951947639,0.320146087,-0.631801552,0.347102154,0.345000083,0.217773905,-0.641103862,0.999333489,2.56E-26,0.000666504,7.41E-09
S143,-0.765807895,-0.187557997,-0.953365892,0.278208418,-0.951947639,-0.07713464,-1.02908228,0.263262062,0.27073524,-0.132346319,-0.991224086,6.20E-12,5.58E-33,1.41E-17,1
S144,-0.765807895,-0.139936058,-0.905743953,0.287871545,-0.951947639,-0.200794062,-1.152741701,0.239988657,0.263930101,-0.17036506,-1.029242827,0.995607442,6.21E-21,0.004392385,0.000000173
S145,-0.765807895,0.016780584,-0.749027311,0.321033282,-0.951947639,-0.262032237,-1.213979876,0.228997615,0.275015449,-0.122625826,-0.981503594,7.96E-12,3.89E-33,5.86E-17,1
S146,-0.765807895,0.408515857,-0.357292038,0.411615245,-0.951947639,0.370261059,-0.58168658,0.358544604,0.385079924,0.389388458,-0.469489309,1.15E-13,3.47E-35,9.82E-18,1
S147,-0.765807895,-0.562401853,-1.328209748,0.209455648,-0.951947639,-0.496264165,-1.448211805,0.190276924,0.199866286,-0.529333009,-1.388210777,0.996111851,1.91E-18,0.003888149,2.01E-11
S148,-0.765807895,-0.139247188,-0.905055083,0.288012785,-0.951947639,-0.191432476,-1.143380115,0.241700308,0.264856547,-0.165339832,-1.024217599,1.43E-16,7.69E-40,8.70E-21,1
S149,-0.765807895,-0.041006883,-0.806814778,0.308569662,-0.951947639,-0.120731477,-1.072679117,0.254893924,0.281731793,-0.08086918,-0.939746948,2.41E-14,1.66E-37,3.11E-18,1
S15,-0.765807895,0.191073146,-0.574734749,0.360145026,-0.951947639,0.224251655,-0.727695984,0.325700531,0.342922778,0.2076624,-0.651215367,1.80E-18,2.98E-41,1.28E-20,1
S150,-0.765807895,0.007023039,-0.758784856,0.318910145,-0.951947639,0.256622388,-0.695325251,0.332849493,0.325879819,0.131822713,-0.727055054,4.80E-09,2.93E-30,3.33E-13,0.999999995
S151,-0.765807895,0.138804041,-0.627003854,0.348190215,-0.951947639,-0.052632523,-1.004580162,0.26804186,0.308116038,0.043085759,-0.815792008,1.10E-11,5.36E-35,8.74E-17,1
S152,-0.765807895,-0.122047769,-0.887855664,0.291552541,-0.951947639,-0.133332847,-1.085280486,0.252508035,0.272030288,-0.127690308,-0.986568075,6.72E-16,4.45E-41,3.17E-20,1
S153,-0.765807895,0.186686419,-0.579121475,0.359134767,-0.951947639,0.314890511,-0.637057128,0.345912082,0.352523425,0.250788465,-0.608089302,1.56E-16,6.33E-34,2.78E-21,1
S154,-0.765807895,-0.110135516,-0.87594341,0.294019109,-0.951947639,-0.084773455,-1.036721095,0.261783156,0.277901132,-0.097454485,-0.956332253,1.31E-16,1.84E-39,1.68E-20,1
S155,-0.765807895,0.125411264,-0.640396631,0.345156886,-0.951947639,0.138346586,-0.813601053,0.307123664,0.326140275,0.131878925,-0.726998842,1.44E-15,8.17E-37,4.30E-21,1
S156,-0.765807895,-0.06350197,-0.829309865,0.303791015,-0.951947639,-0.273444925,-1.225392564,0.226988852,0.265389934,-0.168473447,-1.027351215,0.000911937,0.999086749,0.00000131,7.72E-16
S157,-0.765807895,-0.387924231,-1.153732125,0.239808055,-0.951947639,-0.310903184,-1.262850824,0.220483529,0.230145792,-0.349413707,-1.208291475,0.582024082,2.43E-23,0.321824637,0.096151281
S158,-0.765807895,-0.305716917,-1.071524812,0.255113215,-0.951947639,-0.34662631,-1.298573949,0.214405117,0.234759166,-0.326171613,-1.185049381,0.711438824,1.28E-25,0.00000513,0.288556047
S159,-0.765807895,-0.508804775,-1.274612669,0.218468662,-0.951947639,-0.746845946,-1.698793585,0.154622896,0.186545779,-0.62782536,-1.486703127,1.34E-18,2.82E-40,8.53E-25,1
S16,-0.765807895,0.318657741,-0.447150154,0.390038556,-0.951947639,0.458902992,-0.493044647,0.379176589,0.384607572,0.388780366,-0.470097401,0.977838271,1.75E-27,0.022161056,0.000000673
S160,-0.765807895,-0.523705258,-1.289513153,0.215935226,-0.951947639,-1.016212401,-1.96816004,0.122586654,0.16926094,-0.769958829,-1.628836597,3.18E-26,1,3.80E-29,4.59E-42
S161,-0.765807895,0.172639773,-0.593168122,0.355908271,-0.951947639,0.158844584,-0.793103055,0.311502772,0.333705521,0.165742179,-0.693135589,9.44E-27,1,1.06E-31,3.08E-25
S162,-0.765807895,-0.010362542,-0.776170437,0.315145831,-0.951947639,0.199310902,-0.752636738,0.320247041,0.317696436,0.09447418,-0.764403588,3.37E-15,1.91E-38,2.14E-20,1
S163,-0.765807895,0.247332291,-0.518475604,0.373208757,-0.951947639,0.523790817,-0.428156823,0.394566551,0.383887654,0.385561554,-0.473316214,1.20E-17,7.84E-45,4.53E-23,1
S164,-0.765807895,-0.217444186,-0.983252081,0.272246977,-0.951947639,-0.333421877,-1.285369516,0.216637599,0.244442288,-0.275433031,-1.134310799,1.70E-13,3.06E-36,6.51E-19,1
S165,-0.765807895,-0.302167288,-1.067975183,0.255788339,-0.951947639,-0.139964761,-1.0919124,0.251258332,0.253523336,-0.221066025,-1.079943792,0.999917492,8.46E-22,0.0000798,0.00000266
S166,-0.765807895,-0.246339279,-1.012147173,0.266559856,-0.951947639,-0.452253886,-1.404201525,0.197150239,0.231855047,-0.349296582,-1.208174349,2.95E-10,1.46E-24,3.14E-14,1
S167,-0.765807895,0.06643282,-0.699375074,0.331950796,-0.951947639,0.142493069,-0.80945457,0.308006736,0.319978766,0.104462945,-0.754414822,0.999488583,0.00000345,0.000507968,9.91E-12
S168,-0.765807895,-0.163018824,-0.928826719,0.283162808,-0.951947639,0.001847022,-0.950100618,0.278864587,0.281013698,-0.080585901,-0.939463669,1.14E-17,3.87E-41,1.90E-20,1
S169,-0.765807895,0.106893299,-0.658914596,0.340983475,-0.951947639,0.254725274,-0.697222365,0.332428353,0.336705914,0.180809287,-0.678068481,6.25E-17,1.41E-39,1.47E-21,1
S17,-0.765807895,-0.427015085,-1.192822979,0.232754428,-0.951947639,-0.554012546,-1.505960185,0.181538265,0.207146347,-0.490513815,-1.349391582,8.75E-13,3.53E-31,9.71E-15,1
S170,-0.765807895,0.100685099,-0.665122796,0.339589787,-0.951947639,-0.355102679,-1.307050319,0.212980851,0.276285319,-0.12720879,-0.986086558,2.75E-11,2.34E-36,7.65E-14,1
S171,-0.765807895,0.30951425,-0.456293645,0.387865442,-0.951947639,0.257778982,-0.694168658,0.333106377,0.360485909,0.283646616,-0.575231152,2.31E-14,6.48E-40,9.52E-19,1
S172,-0.765807895,0.0500135,-0.715794395,0.328319757,-0.951947639,0.019713645,-0.932233994,0.282471705,0.305395731,0.034863572,-0.824014195,8.62E-17,2.51E-35,4.03E-19,1
S173,-0.765807895,0.078378118,-0.687429777,0.334605076,-0.951947639,0.171487352,-0.780460287,0.314220692,0.324412884,0.124932735,-0.733945032,3.31E-15,2.48E-35,3.64E-15,1
S174,-0.765807895,0.091217524,-0.674590371,0.337469743,-0.951947639,0.129546222,-0.822401418,0.305254143,0.321361943,0.110381873,-0.748495895,0.064014912,1.72E-27,0.935985088,5.03E-17
S175,-0.765807895,0.592475766,-0.173332129,0.456775134,-0.951947639,0.785811763,-0.166135877,0.4585613,0.457668217,0.689143764,-0.169734003,3.04E-11,1.00E-32,6.78E-13,1
S176,-0.765807895,0.034446268,-0.731361627,0.324895999,-0.951947639,-0.113310375,-1.065258015,0.256305924,0.290600962,-0.039432054,-0.898309821,4.89E-12,3.19E-30,4.41E-14,1
S177,-0.765807895,-0.201384676,-0.967192571,0.275440436,-0.951947639,-0.062281656,-1.014229296,0.266152987,0.270796711,-0.131833166,-0.990710934,3.75E-19,3.67E-44,7.07E-23,1
S178,-0.765807895,0.093489681,-0.672318214,0.337977948,-0.951947639,0.075826169,-0.876121471,0.29398215,0.315980049,0.084657925,-0.774219843,0.788100285,5.33E-21,0.211883041,0.0000167
S179,-0.765807895,-0.022707095,-0.788514989,0.312487619,-0.951947639,-0.167299676,-1.119247315,0.246150926,0.279319272,-0.095003385,-0.953881152,8.92E-16,1.07E-37,2.52E-21,1
S18,-0.765807895,-0.124049509,-0.889857404,0.291139255,-0.951947639,0.16816239,-0.783785249,0.313504652,0.302321954,0.02205644,-0.836821327,3.01E-15,3.64E-26,9.02E-19,1
S180,-0.765807895,0.135963611,-0.629844284,0.347545847,-0.951947639,-0.038792172,-0.990739812,0.270765976,0.309155911,0.048585719,-0.810292048,1.12E-13,1.12E-36,2.95E-19,1
S181,-0.765807895,0.021931722,-0.743876173,0.322157114,-0.951947639,0.019713645,-0.932233994,0.282471705,0.30231441,0.020822684,-0.838055084,5.91E-16,1.37E-39,4.78E-16,1
S182,-0.765807895,0.221510233,-0.544297662,0.367188404,-0.951947639,0.234308861,-0.717638778,0.327913152,0.347550778,0.227909547,-0.63096822,3.99E-18,1.21E-37,4.85E-24,1
S183,-0.765807895,0.090548575,-0.67525932,0.337320193,-0.951947639,0.250685719,-0.701261921,0.331532503,0.334426348,0.170617147,-0.688260621,9.19E-17,2.71E-41,9.17E-23,1
S184,-0.765807895,0.319050613,-0.446757281,0.390132027,-0.951947639,0.289094822,-0.662852817,0.340099057,0.365115542,0.304072718,-0.554805049,1.35E-14,1.00E-28,2.90E-19,1
S185,-0.765807895,-0.231385149,-0.997193044,0.26949366,-0.951947639,-0.191432476,-1.143380115,0.241700308,0.255596984,-0.211408813,-1.07028658,9.97E-16,3.76E-36,1.36E-16,1
S186,-0.765807895,-0.078298342,-0.844106237,0.300670668,-0.951947639,-0.156820035,-1.108767674,0.248100704,0.274385686,-0.117559188,-0.976436956,2.90E-13,9.17E-36,9.68E-20,1
S187,-0.765807895,0.081096281,-0.684711614,0.335210532,-0.951947639,0.256622388,-0.695325251,0.332849493,0.334030013,0.168859334,-0.690018433,1.83E-10,3.80E-29,7.70E-17,1
S188,-0.765807895,-0.470311125,-1.23611902,0.225112249,-0.951947639,-0.740155453,-1.692103092,0.155499463,0.190305856,-0.605233289,-1.464111056,1.31E-43,1,1.85E-47,4.28E-47
S189,-0.765807895,0.628902706,-0.136905189,0.465827062,-0.951947639,0.59795919,-0.353988449,0.412415568,0.439121315,0.613430948,-0.245446819,1.79E-14,6.27E-35,2.41E-19,1
S19,-0.765807895,0.1443101,-0.621497795,0.349440878,-0.951947639,-0.060978223,-1.012925862,0.266407645,0.307924262,0.041665938,-0.817211829,3.97E-17,6.08E-42,2.35E-18,1
S190,-0.765807895,-0.159168045,-0.92497594,0.283945098,-0.951947639,-0.047902749,-0.999850388,0.268970838,0.276457968,-0.103535397,-0.962413164,0.999845023,9.50E-22,0.000154977,4.70E-11
S191,-0.765807895,-0.175210945,-0.94101884,0.280694588,-0.951947639,-0.113310375,-1.065258015,0.256305924,0.268500256,-0.14426066,-1.003138428,4.41E-16,3.48E-38,7.35E-21,1
S192,-0.765807895,-0.155461999,-0.921269893,0.284699215,-0.951947639,-0.387355088,-1.339302728,0.207624748,0.246161982,-0.271408544,-1.130286311,2.41E-12,6.80E-33,3.41E-16,1
S193,-0.765807895,-0.106481205,-0.8722891,0.294778211,-0.951947639,-0.291529,-1.243476639,0.223831406,0.259304809,-0.199005103,-1.05788287,0.999516349,3.83E-24,0.000483476,0.000000175
S194,-0.765807895,0.117221965,-0.64858593,0.343308266,-0.951947639,0.044720956,-0.907226684,0.287567679,0.315437972,0.08097146,-0.777906307,2.58E-17,1.10E-36,1.48E-18,1
S195,-0.765807895,-0.119131153,-0.884939047,0.292155333,-0.951947639,-0.190608656,-1.142556295,0.241851331,0.267003332,-0.154869904,-1.013747671,2.17E-14,4.07E-31,2.47E-18,1
S196,-0.765807895,0.139678933,-0.626128962,0.348388801,-0.951947639,0.253583052,-0.698364588,0.332174919,0.34028186,0.196630993,-0.662246775,4.38E-15,3.23E-38,3.87E-19,1
S197,-0.765807895,-0.10176435,-0.867572245,0.295759718,-0.951947639,-0.373845489,-1.325793129,0.209856082,0.2528079,-0.23780492,-1.096682687,2.30E-15,5.38E-38,8.88E-20,1
S198,-0.765807895,-0.121295462,-0.887103357,0.291707954,-0.951947639,-0.520133081,-1.472080721,0.186626561,0.239167257,-0.320714272,-1.179592039,2.41E-14,5.39E-33,4.43E-18,1
S199,-0.765807895,0.003174157,-0.762633737,0.318074727,-0.951947639,-0.145924194,-1.097871834,0.250138861,0.284106794,-0.071375019,-0.930252786,5.24E-15,1.72E-37,1.29E-17,1
S2,-0.765807895,-0.820626551,-1.586434446,0.169886137,-0.951947639,-1.4250761,-2.377023739,0.084941615,0.127413876,-1.122851326,-1.981729093,1.49E-36,1,3.15E-40,6.12E-50
S20,-0.765807895,0.291470374,-0.474337521,0.383590126,-0.951947639,0.526641933,-0.425305707,0.395247841,0.389418983,0.409056153,-0.449821614,0.999825601,4.31E-24,0.000117405,0.000057
S200,-0.765807895,-0.785035199,-1.550843093,0.174964533,-0.951947639,-0.933950498,-1.885898137,0.131712869,0.153338701,-0.859492848,-1.718370615,1.75E-13,3.30E-35,1.41E-18,1
S201,-0.765807895,-0.096427391,-0.862235286,0.296872542,-0.951947639,0.011730358,-0.940217281,0.280856455,0.288864498,-0.042348516,-0.901226284,3.34E-17,1.28E-35,2.19E-17,1
S202,-0.765807895,0.259483689,-0.506324206,0.376055612,-0.951947639,0.018159198,-0.933788442,0.282156754,0.329106183,0.138821443,-0.720056324,1.05E-15,2.14E-36,5.96E-19,1
S203,-0.765807895,0.064764098,-0.701043796,0.331580845,-0.951947639,-0.079294907,-1.031242546,0.262843282,0.297212063,-0.007265404,-0.866143171,1.72E-16,7.93E-40,4.76E-22,1
S204,-0.765807895,-0.684848838,-1.450656733,0.189900515,-0.951947639,-0.746845946,-1.698793585,0.154622896,0.172261705,-0.715847392,-1.574725159,1.76E-12,2.59E-29,2.11E-18,1
S205,-0.765807895,0.094703702,-0.671104193,0.338249638,-0.951947639,0.105788567,-0.846159072,0.3002392,0.319244419,0.100246134,-0.758631633,4.54E-16,3.35E-37,9.56E-22,1
S206,-0.765807895,0.474439945,-0.291367949,0.427669003,-0.951947639,0.315377532,-0.636570107,0.346022282,0.386845643,0.394908739,-0.463969028,6.56E-16,2.86E-37,1.42E-20,1
S207,-0.765807895,0.17925693,-0.586550965,0.357426614,-0.951947639,0.105952451,-0.845995188,0.300273632,0.328850123,0.142604691,-0.716273077,0.999883608,7.73E-25,0.000116219,0.000000172
S208,-0.765807895,-0.274622313,-1.040430208,0.261066994,-0.951947639,-0.238063854,-1.190011494,0.23325688,0.247161937,-0.256343083,-1.115220851,1.42E-08,1.00E-36,3.64E-13,0.999999986
S209,-0.765807895,0.203817941,-0.561989953,0.363087148,-0.951947639,0.271583401,-0.680364239,0.336180013,0.349633581,0.237700671,-0.621177096,1.71E-13,6.91E-45,4.56E-18,1
S21,-0.765807895,-0.383433492,-1.149241387,0.240627674,-0.951947639,-0.133332847,-1.085280486,0.252508035,0.246567855,-0.258383169,-1.117260937,0.999742103,2.66E-22,0.000249648,0.00000825
S210,-0.765807895,-0.186673492,-0.952481387,0.278386069,-0.951947639,0.008836489,-0.94311115,0.280272333,0.279329201,-0.088918501,-0.947796269,2.68E-14,5.38E-35,5.08E-19,1
S211,-0.765807895,0.021530072,-0.744277823,0.322069411,-0.951947639,0.225280025,-0.726667615,0.325926422,0.323997916,0.123405048,-0.735472719,2.92E-14,8.85E-32,2.09E-17,1
S212,-0.765807895,0.5491539,-0.216653995,0.446047376,-0.951947639,0.850616727,-0.101330912,0.474688926,0.460368151,0.699885314,-0.158992454,1.15E-12,3.90E-40,7.30E-18,1
S214,-0.765807895,-0.189897875,-0.95570577,0.277738795,-0.951947639,-0.440399347,-1.392346986,0.199033338,0.238386066,-0.315148611,-1.174026378,0.999239882,2.50E-26,0.000760117,1.67E-10
S215,-0.765807895,0.029902378,-0.735905517,0.323900143,-0.951947639,0.063401904,-0.888545735,0.291410028,0.307655085,0.046652141,-0.812225626,6.53E-15,5.10E-29,1.25E-18,1
S216,-0.765807895,-0.239650275,-1.00545817,0.267869634,-0.951947639,-0.386672996,-1.338620635,0.207736986,0.23780331,-0.313161635,-1.172039403,4.97E-10,1.28E-33,2.27E-15,1
S217,-0.765807895,-0.139123673,-0.904931568,0.288038114,-0.951947639,-0.032085195,-0.984032834,0.272092315,0.280065214,-0.085604434,-0.944482201,5.64E-12,9.99E-31,4.67E-17,1
S218,-0.765807895,-0.137581566,-0.903389461,0.288354461,-0.951947639,-0.439953101,-1.39190074,0.199104488,0.243729474,-0.288767333,-1.147645101,6.07E-18,1.17E-41,1.38E-20,1
S219,-0.765807895,-0.340020467,-1.105828362,0.248649429,-0.951947639,-0.448655475,-1.400603115,0.197720424,0.223184926,-0.394337971,-1.253215739,1.45E-15,2.62E-36,1.55E-20,1
S22,-0.765807895,-0.318887937,-1.084695831,0.252618403,-0.951947639,-0.777025828,-1.728973467,0.150718932,0.201668667,-0.547956882,-1.406834649,7.63E-15,1.55E-36,1.70E-20,1
S220,-0.765807895,0.441162804,-0.324645091,0.419544123,-0.951947639,0.637315426,-0.314632213,0.421984473,0.420764298,0.539239115,-0.319638652,0.999792606,5.08E-21,0.000204164,0.00000323
S221,-0.765807895,0.162163224,-0.603644671,0.353510294,-0.951947639,0.078785212,-0.873162428,0.294596693,0.324053493,0.120474218,-0.73840355,0.999625554,4.96E-24,0.000374446,2.40E-10
S23,-0.765807895,0.100021024,-0.665786871,0.339440872,-0.951947639,0.305923397,-0.646024243,0.343886024,0.341663448,0.20297221,-0.655905557,4.06E-17,3.95E-40,5.11E-20,1
S24,-0.765807895,-0.059911984,-0.825719879,0.304550839,-0.951947639,0.105788567,-0.846159072,0.3002392,0.30239502,0.022938291,-0.835939476,1.02E-26,1.92E-51,1.90E-30,1
S25,-0.765807895,-0.07984325,-0.845651145,0.300345924,-0.951947639,0.050290498,-0.901657141,0.288710073,0.294527999,-0.014776376,-0.873654143,3.77E-16,7.91E-38,4.03E-22,1
S26,-0.765807895,-0.215288097,-0.981095992,0.272674369,-0.951947639,-0.50367232,-1.45561996,0.189138155,0.230906262,-0.359480209,-1.218357976,0.985007652,8.32E-24,0.01498524,0.00000711
S27,-0.765807895,0.028634786,-0.737173109,0.323622616,-0.951947639,0.066858204,-0.885089436,0.292124234,0.307873425,0.047746495,-0.811131273,1.38E-13,1.88E-35,2.35E-18,1
S28,-0.765807895,0.127201867,-0.638606028,0.345561717,-0.951947639,0.225280025,-0.726667615,0.325926422,0.335744069,0.176240946,-0.682636822,2.08E-17,2.48E-41,6.70E-23,1
S29,-0.765807895,0.220063986,-0.545743908,0.366852417,-0.951947639,-0.232807156,-1.184754795,0.234198349,0.300525383,-0.006371585,-0.865249352,1.01E-14,1.14E-36,1.08E-20,1
S3,-0.765807895,-1.081749647,-1.847557541,0.136159925,-0.951947639,-1.266571024,-2.218518664,0.098099789,0.117129857,-1.174160335,-2.033038103,1.64E-44,1,1.06E-47,1.25E-71
S30,-0.765807895,0.152966846,-0.612841049,0.351411389,-0.951947639,0.189691131,-0.762256509,0.318156554,0.334783972,0.171328988,-0.687548779,5.95E-18,1.02E-40,3.40E-23,1
S31,-0.765807895,0.219512118,-0.546295776,0.366724243,-0.951947639,0.375232129,-0.576715511,0.359688704,0.363206474,0.297372124,-0.561505644,8.94E-14,1.99E-30,8.84E-16,1
S32,-0.765807895,-0.08022735,-0.846035244,0.300265216,-0.951947639,0.136536242,-0.815411397,0.30673856,0.303501888,0.028154446,-0.830723321,0.999730371,2.74E-24,0.000264656,0.00000497
S33,-0.765807895,0.070002387,-0.695805508,0.332742856,-0.951947639,0.454440674,-0.497506965,0.37812672,0.355434788,0.26222153,-0.596656237,0.99192038,1.72E-26,0.00807962,2.59E-12
S34,-0.765807895,0.058852194,-0.706955701,0.330271868,-0.951947639,0.12821164,-0.823735999,0.304971187,0.317621527,0.093531917,-0.76534585,9.17E-15,2.29E-36,5.79E-18,1
S35,-0.765807895,0.372277803,-0.393530092,0.402867792,-0.951947639,0.46164686,-0.49030078,0.379822714,0.391345253,0.416962331,-0.441915436,3.85E-08,0.999999961,7.63E-11,4.89E-17
S36,-0.765807895,0.180985182,-0.584822713,0.357823644,-0.951947639,0.086566987,-0.865380652,0.2962164,0.327020022,0.133776085,-0.725101683,1.13E-17,5.50E-42,1.80E-21,1
S37,-0.765807895,0.165118747,-0.600689147,0.354186044,-0.951947639,0.098201056,-0.853746583,0.298647517,0.32641678,0.131659902,-0.727217865,4.42E-19,3.43E-47,3.63E-23,1
S38,-0.765807895,-0.194616223,-0.960424117,0.276793288,-0.951947639,-0.07636497,-1.028312609,0.263411371,0.270102329,-0.135490596,-0.994368363,0.0000232,1.81E-29,0.999976814,2.86E-20
S39,-0.765807895,0.257258646,-0.508549248,0.375533677,-0.951947639,0.227288304,-0.724659335,0.326367792,0.350950735,0.242273475,-0.616604292,2.71E-13,6.67E-33,5.44E-14,1
S4,-0.765807895,0.222174002,-0.543633893,0.367342652,-0.951947639,0.111994299,-0.83995334,0.301544611,0.334443632,0.167084151,-0.691793617,0.999805972,4.47E-22,0.0000505,0.00014349
S40,-0.765807895,0.102421304,-0.663386591,0.339979272,-0.951947639,0.008836489,-0.94311115,0.280272333,0.310125803,0.055628897,-0.803248871,8.05E-14,1.13E-34,4.54E-16,1
S41,-0.765807895,0.042313189,-0.723494706,0.32662389,-0.951947639,0.12821164,-0.823735999,0.304971187,0.315797538,0.085262415,-0.773615353,1.98E-12,4.25E-34,7.33E-14,1
S42,-0.765807895,0.180816729,-0.584991166,0.357784937,-0.951947639,0.462100851,-0.489846788,0.379929661,0.368857299,0.32145879,-0.537418977,3.62E-16,9.85E-39,6.84E-21,1
S43,-0.765807895,0.152410419,-0.613397476,0.351284578,-0.951947639,0.199310902,-0.752636738,0.320247041,0.335765809,0.17586066,-0.683017107,5.79E-14,7.42E-34,1.97E-19,1
S44,-0.765807895,0.286878322,-0.478929573,0.382504923,-0.951947639,0.429044415,-0.522903225,0.372173614,0.377339268,0.357961368,-0.500916399,3.12E-12,3.09E-35,4.03E-17,1
S45,-0.765807895,0.356736447,-0.409071448,0.399134791,-0.951947639,0.216006329,-0.73594131,0.323892304,0.361513548,0.286371388,-0.572506379,6.46E-16,2.76E-37,1.89E-20,1
S46,-0.765807895,-0.008042196,-0.77385009,0.315646843,-0.951947639,-0.475874836,-1.427822475,0.193438195,0.254542519,-0.241958516,-1.100836283,2.81E-17,2.70E-35,1.43E-20,1
S47,-0.765807895,0.105242496,-0.660565398,0.340612614,-0.951947639,0.070219356,-0.881728283,0.292819764,0.316716189,0.087730926,-0.771146841,3.75E-19,3.87E-38,1.12E-23,1
S48,-0.765807895,0.095247677,-0.670560218,0.33837141,-0.951947639,0.105952451,-0.845995188,0.300273632,0.319322521,0.100600064,-0.758277703,0.954406589,2.24E-26,0.045592505,0.000000906
S49,-0.765807895,0.072930755,-0.69287714,0.333393345,-0.951947639,0.291316438,-0.660631201,0.340597835,0.33699559,0.182123597,-0.676754171,0.975103849,0.000000276,0.024895875,2.16E-10
S5,-0.765807895,-0.069675983,-0.835483878,0.302486783,-0.951947639,0.224251655,-0.727695984,0.325700531,0.314093657,0.077287836,-0.781589931,2.10E-17,1.95E-37,6.35E-23,1
S50,-0.765807895,-0.017605128,-0.783413023,0.313584768,-0.951947639,0.047736643,-0.904210996,0.288185906,0.300885337,0.015065757,-0.84381201,1.69E-15,7.09E-38,1.31E-18,1
S51,-0.765807895,0.123864155,-0.64194374,0.344807287,-0.951947639,0.205326424,-0.746621215,0.321557966,0.333182626,0.16459529,-0.694282478,1.90E-16,8.31E-39,1.76E-17,1
S52,-0.765807895,-0.079113621,-0.844921515,0.30049927,-0.951947639,-0.23769961,-1.189647249,0.233322031,0.26691065,-0.158406615,-1.017284382,0.433264084,2.00E-21,0.566735186,0.000000731
S53,-0.765807895,0.280811622,-0.484996273,0.381073024,-0.951947639,-0.191432476,-1.143380115,0.241700308,0.311386666,0.044689573,-0.814188194,0.188710891,3.05E-22,0.811288946,0.000000163
S54,-0.765807895,-0.125007484,-0.890815379,0.29094159,-0.951947639,-0.048778666,-1.000726306,0.268798645,0.279870118,-0.086893075,-0.945770843,0.994076833,7.48E-23,0.005905567,0.0000176
S55,-0.765807895,-0.174849672,-0.940657567,0.280767536,-0.951947639,0.461679948,-0.490267692,0.379830508,0.330299022,0.143415138,-0.71546263,0.998799314,1.96E-22,0.000630895,0.00056979
S56,-0.765807895,0.153131296,-0.612676599,0.351448872,-0.951947639,0.282152824,-0.669794815,0.338542787,0.344995829,0.21764206,-0.641235707,1.49E-16,1.40E-34,3.85E-19,1
S57,-0.765807895,0.028611682,-0.737196212,0.323617559,-0.951947639,0.215189437,-0.736758202,0.323713442,0.3236655,0.12190056,-0.736977207,3.85E-15,1.09E-36,1.42E-17,1
S58,-0.765807895,0.111186154,-0.654621741,0.341948796,-0.951947639,0.310514757,-0.641432883,0.344922706,0.343435751,0.210850455,-0.648027312,2.00E-14,2.45E-35,1.36E-12,1
S59,-0.765807895,-0.254861845,-1.02066974,0.264896964,-0.951947639,-0.033904525,-0.985852164,0.271732131,0.268314547,-0.144383185,-1.003260952,1.21E-16,7.32E-41,4.96E-19,1
S6,-0.765807895,-0.054548481,-0.820356376,0.305688016,-0.951947639,-0.731947954,-1.683895593,0.156580317,0.231134167,-0.393248217,-1.252125985,9.36E-13,1.95E-18,9.64E-17,1
S60,-0.765807895,0.027429272,-0.738378623,0.323358796,-0.951947639,0.227288304,-0.724659335,0.326367792,0.324863294,0.127358788,-0.731518979,2.76E-10,1.62E-31,8.49E-14,1
S61,-0.765807895,-0.094794138,-0.860602033,0.297213579,-0.951947639,-0.086471322,-1.038418961,0.261455172,0.279334375,-0.09063273,-0.949510497,4.17E-17,1.21E-39,1.31E-14,1
S62,-0.765807895,0.25604909,-0.509758805,0.375250069,-0.951947639,0.371255932,-0.580691707,0.358773447,0.367011758,0.313652511,-0.545225256,1.24E-16,1.20E-42,5.32E-19,1
S63,-0.765807895,0.339669681,-0.426138214,0.395048866,-0.951947639,0.531301753,-0.420645887,0.396362205,0.395705536,0.435485717,-0.423392051,4.35E-15,3.73E-36,5.77E-17,1
S64,-0.765807895,-0.495916896,-1.26172479,0.220677122,-0.951947639,-0.334702984,-1.286650623,0.216420267,0.218548695,-0.41530994,-1.274187707,0.009724451,1.21E-25,0.990266481,0.00000907
S65,-0.765807895,-0.047352245,-0.81316014,0.307217498,-0.951947639,0.148318625,-0.803629014,0.309249773,0.308233636,0.05048319,-0.808394577,1.02E-16,2.31E-36,2.86E-19,1
S66,-0.765807895,0.15195254,-0.613855355,0.351180242,-0.951947639,0.35094788,-0.60099976,0.354114998,0.35264762,0.25145021,-0.607427558,0.990339721,6.31E-21,0.009657593,0.00000269
S67,-0.765807895,-0.206310379,-0.972118274,0.274458487,-0.951947639,0.177059426,-0.774888213,0.315422637,0.294940562,-0.014625477,-0.873503244,1.59E-15,3.52E-36,1.74E-18,1
S68,-0.765807895,-0.273534363,-1.039342258,0.261276926,-0.951947639,-0.300113697,-1.252061336,0.222343516,0.241810221,-0.28682403,-1.145701797,4.31E-16,2.77E-36,9.14E-19,1
S69,-0.765807895,0.148362914,-0.61744498,0.350362774,-0.951947639,0.189691131,-0.762256509,0.318156554,0.334259664,0.169027022,-0.689850745,3.33E-17,3.32E-40,3.08E-15,1
S7,-0.765807895,0.003052596,-0.762755299,0.31804836,-0.951947639,-0.455575955,-1.407523594,0.196624944,0.257336652,-0.22626168,-1.085139447,7.93E-31,1,3.64E-34,7.11E-49
S70,-0.765807895,0.073523195,-0.6922847,0.333525023,-0.951947639,-0.395890084,-1.347837723,0.206224102,0.269874563,-0.161183445,-1.020061212,3.00E-18,1.33E-40,2.28E-21,1
S71,-0.765807895,0.341141519,-0.424666376,0.395400668,-0.951947639,0.706823366,-0.245124273,0.439023943,0.417212306,0.523982443,-0.334895325,0.992190676,2.34E-23,0.00025072,0.007558604
S72,-0.765807895,0.22428405,-0.541523844,0.367833168,-0.951947639,0.46164686,-0.49030078,0.379822714,0.373827941,0.342965455,-0.515912312,0.647915197,2.28E-23,0.352081211,0.00000359
S73,-0.765807895,0.105064033,-0.660743862,0.340572533,-0.951947639,0.409426671,-0.542520969,0.367601336,0.354086934,0.257245352,-0.601632416,0.99966035,4.04E-11,0.000339502,0.000000148
S74,-0.765807895,-0.056032517,-0.821840412,0.305373131,-0.951947639,0.014090197,-0.937857442,0.281333332,0.293353232,-0.02097116,-0.879848927,3.29E-16,4.75E-37,3.24E-20,1
S75,-0.765807895,-0.247548507,-1.013356402,0.266323511,-0.951947639,-0.234327809,-1.186275448,0.233925731,0.250124621,-0.240938158,-1.099815925,1.98E-18,6.20E-42,2.21E-20,1
S76,-0.765807895,0.1430997,-0.622708195,0.349165766,-0.951947639,0.051346699,-0.900600941,0.28892702,0.319046393,0.097223199,-0.761654568,0.92176499,3.60E-17,0.020004919,0.058230091
S77,-0.765807895,-0.015108014,-0.780915909,0.31412252,-0.951947639,-0.268773683,-1.220721322,0.227809536,0.270966028,-0.141940848,-1.000818616,1.25E-16,1.08E-38,1.80E-18,1
S78,-0.765807895,-0.201759837,-0.967567732,0.27536557,-0.951947639,-0.088914592,-1.040862231,0.26098366,0.268174615,-0.145337214,-1.004214982,0.996340724,1.52E-24,0.002729344,0.000929931
S79,-0.765807895,-0.036198069,-0.802005964,0.309596587,-0.951947639,0.034312054,-0.917635586,0.285439905,0.297518246,-0.000943008,-0.859820775,3.55E-17,2.69E-41,6.41E-21,1
S8,-0.765807895,0.109487019,-0.656320876,0.341566559,-0.951947639,0.356913226,-0.595034413,0.355480562,0.348523561,0.233200123,-0.625677645,4.43E-14,3.64E-32,7.98E-19,1
S80,-0.765807895,0.058002861,-0.707805034,0.330084029,-0.951947639,0.356913226,-0.595034413,0.355480562,0.342782295,0.207458044,-0.651419724,1.69E-14,6.11E-36,8.67E-18,1
S81,-0.765807895,-0.347201887,-1.113009782,0.247310198,-0.951947639,-0.595133089,-1.547080729,0.175508302,0.21140925,-0.471167488,-1.330045256,2.15E-16,2.14E-37,9.41E-23,1
S82,-0.765807895,0.13026306,-0.635544835,0.346254329,-0.951947639,0.034312054,-0.917635586,0.285439905,0.315847117,0.082287557,-0.776590211,3.78E-15,3.80E-34,6.21E-20,1
S83,-0.765807895,0.219318689,-0.546489206,0.366679323,-0.951947639,0.260332421,-0.691615219,0.333673856,0.35017659,0.239825555,-0.619052213,8.56E-14,2.79E-37,7.66E-18,1
S84,-0.765807895,0.220386941,-0.545420954,0.366927434,-0.951947639,0.137335202,-0.814612437,0.306908485,0.336917959,0.178861072,-0.680016696,2.44E-18,4.21E-41,1.11E-22,1
S85,-0.765807895,0.224897767,-0.540910128,0.367975889,-0.951947639,0.226182873,-0.725764766,0.326124807,0.347050348,0.22554032,-0.633337447,1.53E-14,1.21E-37,1.11E-17,1
S86,-0.765807895,-0.157321299,-0.923129193,0.284320729,-0.951947639,0.152215241,-0.799732398,0.310082764,0.297201747,-0.002553029,-0.861430796,1.47E-13,7.70E-34,2.78E-19,1
S87,-0.765807895,0.021794644,-0.74401325,0.322127181,-0.951947639,0.254725274,-0.697222365,0.332428353,0.327277767,0.138259959,-0.720617808,1.69E-17,2.50E-41,3.15E-20,1
S88,-0.765807895,-0.017615013,-0.783422907,0.31358264,-0.951947639,0.034312054,-0.917635586,0.285439905,0.299511273,0.008348521,-0.850529247,1.25E-12,7.52E-34,3.74E-18,1
S89,-0.765807895,-0.135571482,-0.901379377,0.288767118,-0.951947639,-0.015286274,-0.967233913,0.275432185,0.282099651,-0.075428878,-0.934306645,0.0000793,0.99991929,0.00000138,3.45E-17
S9,-0.765807895,0.182136252,-0.583671643,0.358088187,-0.951947639,0.034312054,-0.917635586,0.285439905,0.321764046,0.108224153,-0.750653615,6.43E-13,1.23E-33,9.30E-17,1
S90,-0.765807895,-0.283430536,-1.049238431,0.25937137,-0.951947639,-0.454537111,-1.40648475,0.196789096,0.228080233,-0.368983824,-1.227861591,6.45E-16,5.17E-39,1.51E-21,1
S91,-0.765807895,-0.384021977,-1.149829872,0.240520159,-0.951947639,-0.585796651,-1.53774429,0.176863428,0.208691793,-0.484909314,-1.343787081,1.05E-15,2.18E-37,3.58E-20,1
S92,-0.765807895,0.095351151,-0.670456744,0.338394576,-0.951947639,0.08126491,-0.870682729,0.29511226,0.316753418,0.08830803,-0.770569737,0.872374066,3.43E-22,0.127624952,0.000000981
S93,-0.765807895,0.131263323,-0.634544571,0.346480785,-0.951947639,-0.118486593,-1.070434232,0.255320514,0.30090065,0.006388365,-0.852489402,8.40E-15,6.21E-38,1.74E-19,1
S94,-0.765807895,0.011851483,-0.753956411,0.31995983,-0.951947639,0.165270813,-0.786676827,0.312882664,0.316421247,0.088561148,-0.770316619,4.76E-15,3.03E-34,2.61E-15,1
S95,-0.765807895,0.001354983,-0.764452912,0.317680273,-0.951947639,0.050290498,-0.901657141,0.288710073,0.303195173,0.025822741,-0.833055027,0.000382115,0.999617403,0.000000483,2.97E-15
S96,-0.765807895,-0.544297205,-1.3101051,0.212469258,-0.951947639,-0.447425396,-1.399373035,0.19791562,0.205192439,-0.495861301,-1.354739068,1.73E-16,4.17E-36,2.46E-21,1
S97,-0.765807895,-0.378327175,-1.14413507,0.241561966,-0.951947639,-0.447425396,-1.399373035,0.19791562,0.219738793,-0.412876286,-1.271754053,0.999965152,1.81E-18,0.0000348,4.35E-08
S98,-0.765807895,-0.16182184,-0.927629735,0.283405837,-0.951947639,-0.18157599,-1.133523629,0.243511414,0.263458626,-0.171698915,-1.030576682,6.34E-14,3.88E-39,1.14E-20,1
S99,-0.765807895,0.253652696,-0.512155199,0.374688433,-0.951947639,0.369651188,-0.582296451,0.358404352,0.366546392,0.311651942,-0.547225825,2.87E-15,5.48E-35,2.16E-21,1
